{"cameraMode":{"drawMode":0,"name":"Shaded","section":"Shading Mode"},"sceneLighting":true,"audioPlay":false,"sceneViewState":{"showFog":true,"showMaterialUpdate":false,"showSkybox":true,"showFlares":true,"showImageEffects":true,"showParticleSystems":true},"in2DMode":false,"pivot":{"x":9251.373046875,"y":221.5641632080078,"z":6.71013069152832},"rotation":{"x":0.25882378220558169,"y":-0.06947380304336548,"z":0.0186675563454628,"w":0.9632436633110046},"size":30.942081451416017,"orthographic":false}