{"cameraMode":{"drawMode":0,"name":"Shaded","section":"Shading Mode"},"sceneLighting":true,"audioPlay":false,"sceneViewState":{"showFog":true,"showMaterialUpdate":false,"showSkybox":true,"showFlares":true,"showImageEffects":true,"showParticleSystems":true},"in2DMode":false,"pivot":{"x":-0.931787371635437,"y":84.5716552734375,"z":-66.7000732421875},"rotation":{"x":-0.36617130041122439,"y":0.19601179659366609,"z":-0.07919375598430634,"w":-0.90622878074646},"size":191.09759521484376,"orthographic":false}