{"cameraMode":{"drawMode":0,"name":"Shaded","section":"Shading Mode"},"sceneLighting":true,"audioPlay":false,"sceneViewState":{"showFog":true,"showMaterialUpdate":false,"showSkybox":true,"showFlares":true,"showImageEffects":true,"showParticleSystems":true},"in2DMode":false,"pivot":{"x":-587.6939086914063,"y":-1071.688232421875,"z":-509.027099609375},"rotation":{"x":0.3162948191165924,"y":-0.10783468931913376,"z":0.03621462732553482,"w":0.9418169260025024},"size":1973.6138916015625,"orthographic":false}