{"cameraMode":{"drawMode":0,"name":"Shaded","section":"Shading Mode"},"sceneLighting":true,"audioPlay":false,"sceneViewState":{"showFog":true,"showMaterialUpdate":false,"showSkybox":true,"showFlares":true,"showImageEffects":true,"showParticleSystems":true},"in2DMode":false,"pivot":{"x":3402.243896484375,"y":-1569.57421875,"z":-513.22265625},"rotation":{"x":0.3339046537876129,"y":0.016965670511126519,"z":-0.006010915152728558,"w":0.9424358606338501},"size":4920.0966796875,"orthographic":false}