{"cameraMode":{"drawMode":0,"name":"Shaded","section":"Shading Mode"},"sceneLighting":false,"audioPlay":false,"sceneViewState":{"showFog":true,"showMaterialUpdate":false,"showSkybox":false,"showFlares":true,"showImageEffects":true,"showParticleSystems":true},"in2DMode":false,"pivot":{"x":0.9682126045227051,"y":150.5641632080078,"z":2.7101306915283205},"rotation":{"x":-0.24763326346874238,"y":0.42962345480918887,"z":-0.12376569211483002,"w":-0.8595372438430786},"size":356.5303649902344,"orthographic":false}