{"cameraMode":{"drawMode":0,"name":"Shaded","section":"Shading Mode"},"sceneLighting":true,"audioPlay":false,"sceneViewState":{"showFog":true,"showMaterialUpdate":false,"showSkybox":true,"showFlares":true,"showImageEffects":true,"showParticleSystems":true},"in2DMode":false,"pivot":{"x":-0.14348572492599488,"y":72.18590545654297,"z":-69.72077178955078},"rotation":{"x":-0.36617130041122439,"y":0.19601179659366609,"z":-0.07919375598430634,"w":-0.90622878074646},"size":10.0,"orthographic":false}